/*
SQLyog Enterprise
MySQL - 8.0.30 : Database - project_sewasepeda
*********************************************************************
*/

/*!40101 SET NAMES utf8 */;

/*!40101 SET SQL_MODE=''*/;

/*!40014 SET @OLD_UNIQUE_CHECKS=@@UNIQUE_CHECKS, UNIQUE_CHECKS=0 */;
/*!40014 SET @OLD_FOREIGN_KEY_CHECKS=@@FOREIGN_KEY_CHECKS, FOREIGN_KEY_CHECKS=0 */;
/*!40101 SET @OLD_SQL_MODE=@@SQL_MODE, SQL_MODE='NO_AUTO_VALUE_ON_ZERO' */;
/*!40111 SET @OLD_SQL_NOTES=@@SQL_NOTES, SQL_NOTES=0 */;
CREATE DATABASE /*!32312 IF NOT EXISTS*/`project_sewasepeda` /*!40100 DEFAULT CHARACTER SET utf8mb4 COLLATE utf8mb4_0900_ai_ci */ /*!80016 DEFAULT ENCRYPTION='N' */;

USE `project_sewasepeda`;

/*Table structure for table `categories` */

DROP TABLE IF EXISTS `categories`;

CREATE TABLE `categories` (
  `id` int NOT NULL AUTO_INCREMENT,
  `name` varchar(100) NOT NULL,
  PRIMARY KEY (`id`),
  UNIQUE KEY `name` (`name`)
) ENGINE=InnoDB AUTO_INCREMENT=9 DEFAULT CHARSET=utf8mb4 COLLATE=utf8mb4_0900_ai_ci;

/*Data for the table `categories` */

insert  into `categories`(`id`,`name`) values 
(8,'gunung');

/*Table structure for table `notifications` */

DROP TABLE IF EXISTS `notifications`;

CREATE TABLE `notifications` (
  `id` int NOT NULL AUTO_INCREMENT,
  `user_id` int NOT NULL,
  `rental_id` int DEFAULT NULL,
  `title` varchar(255) NOT NULL,
  `message` text NOT NULL,
  `type` enum('warning','late','damage','system') NOT NULL,
  `is_read` tinyint(1) DEFAULT '0',
  `created_at` timestamp NULL DEFAULT CURRENT_TIMESTAMP,
  PRIMARY KEY (`id`),
  KEY `user_id` (`user_id`),
  KEY `rental_id` (`rental_id`),
  CONSTRAINT `notifications_ibfk_1` FOREIGN KEY (`user_id`) REFERENCES `users` (`id`),
  CONSTRAINT `notifications_ibfk_2` FOREIGN KEY (`rental_id`) REFERENCES `rentals` (`id`)
) ENGINE=InnoDB AUTO_INCREMENT=497 DEFAULT CHARSET=utf8mb4 COLLATE=utf8mb4_0900_ai_ci;

/*Data for the table `notifications` */

insert  into `notifications`(`id`,`user_id`,`rental_id`,`title`,`message`,`type`,`is_read`,`created_at`) values 
(161,16,99,'Waktu Sewa Akan Habis','Sewa sepeda akan berakhir dalam 30 menit. Mohon segera kembalikan untuk menghindari denda.','warning',0,'2025-07-10 16:16:15'),
(162,16,99,'Waktu Sewa Akan Habis','Sewa sepeda akan berakhir dalam 29 menit. Mohon segera kembalikan untuk menghindari denda.','warning',0,'2025-07-10 16:17:15'),
(163,16,99,'Waktu Sewa Akan Habis','Sewa sepeda akan berakhir dalam 28 menit. Mohon segera kembalikan untuk menghindari denda.','warning',0,'2025-07-10 16:18:15'),
(164,16,99,'Waktu Sewa Akan Habis','Sewa sepeda akan berakhir dalam 27 menit. Mohon segera kembalikan untuk menghindari denda.','warning',0,'2025-07-10 16:19:15'),
(165,16,99,'Waktu Sewa Akan Habis','Sewa sepeda akan berakhir dalam 26 menit. Mohon segera kembalikan untuk menghindari denda.','warning',0,'2025-07-10 16:20:15'),
(166,16,99,'Denda Keterlambatan','Anda terlambat mengembalikan sepeda selama 0 menit. Denda: Rp0','late',0,'2025-07-10 16:22:15'),
(167,16,99,'Denda Keterlambatan','Anda terlambat mengembalikan sepeda selama 1 menit. Denda: Rp1000','late',0,'2025-07-10 16:23:15'),
(168,16,99,'Denda Keterlambatan','Anda terlambat mengembalikan sepeda selama 2 menit. Denda: Rp2000','late',0,'2025-07-10 16:24:15'),
(169,16,99,'Denda Keterlambatan','Anda terlambat mengembalikan sepeda selama 3 menit. Denda: Rp3000','late',0,'2025-07-10 16:25:15'),
(170,16,99,'Denda Keterlambatan','Anda terlambat mengembalikan sepeda selama 4 menit. Denda: Rp4000','late',0,'2025-07-10 16:26:15'),
(171,12,100,'Waktu Sewa Akan Habis','Sewa sepeda akan berakhir dalam 29 menit. Mohon segera kembalikan untuk menghindari denda.','warning',0,'2025-07-10 16:27:39'),
(172,16,99,'Denda Keterlambatan','Anda terlambat mengembalikan sepeda selama 5 menit. Denda: Rp5000','late',0,'2025-07-10 16:27:39'),
(173,12,100,'Waktu Sewa Akan Habis','Sewa sepeda akan berakhir dalam 28 menit. Mohon segera kembalikan untuk menghindari denda.','warning',0,'2025-07-10 16:28:39'),
(174,16,99,'Denda Keterlambatan','Anda terlambat mengembalikan sepeda selama 6 menit. Denda: Rp6000','late',0,'2025-07-10 16:28:39'),
(175,12,100,'Waktu Sewa Akan Habis','Sewa sepeda akan berakhir dalam 27 menit. Mohon segera kembalikan untuk menghindari denda.','warning',0,'2025-07-10 16:29:39'),
(176,16,99,'Denda Keterlambatan','Anda terlambat mengembalikan sepeda selama 7 menit. Denda: Rp7000','late',0,'2025-07-10 16:29:39'),
(177,12,100,'Waktu Sewa Akan Habis','Sewa sepeda akan berakhir dalam 26 menit. Mohon segera kembalikan untuk menghindari denda.','warning',0,'2025-07-10 16:30:39'),
(178,16,99,'Denda Keterlambatan','Anda terlambat mengembalikan sepeda selama 8 menit. Denda: Rp8000','late',0,'2025-07-10 16:30:39'),
(179,12,100,'Waktu Sewa Akan Habis','Sewa sepeda akan berakhir dalam 25 menit. Mohon segera kembalikan untuk menghindari denda.','warning',0,'2025-07-10 16:31:39'),
(180,16,99,'Denda Keterlambatan','Anda terlambat mengembalikan sepeda selama 9 menit. Denda: Rp9000','late',0,'2025-07-10 16:31:39'),
(181,12,100,'Waktu Sewa Akan Habis','Sewa sepeda akan berakhir dalam 24 menit. Mohon segera kembalikan untuk menghindari denda.','warning',0,'2025-07-10 16:32:39'),
(182,16,99,'Denda Keterlambatan','Anda terlambat mengembalikan sepeda selama 10 menit. Denda: Rp10000','late',0,'2025-07-10 16:32:39'),
(183,12,100,'Waktu Sewa Akan Habis','Sewa sepeda akan berakhir dalam 23 menit. Mohon segera kembalikan untuk menghindari denda.','warning',0,'2025-07-10 16:33:39'),
(184,16,99,'Denda Keterlambatan','Anda terlambat mengembalikan sepeda selama 11 menit. Denda: Rp11000','late',0,'2025-07-10 16:33:39'),
(185,12,100,'Waktu Sewa Akan Habis','Sewa sepeda akan berakhir dalam 22 menit. Mohon segera kembalikan untuk menghindari denda.','warning',0,'2025-07-10 16:34:39'),
(186,16,99,'Denda Keterlambatan','Anda terlambat mengembalikan sepeda selama 12 menit. Denda: Rp12000','late',0,'2025-07-10 16:34:39'),
(187,12,100,'Waktu Sewa Akan Habis','Sewa sepeda akan berakhir dalam 21 menit. Mohon segera kembalikan untuk menghindari denda.','warning',0,'2025-07-10 16:35:39'),
(188,16,99,'Denda Keterlambatan','Anda terlambat mengembalikan sepeda selama 13 menit. Denda: Rp13000','late',0,'2025-07-10 16:35:39'),
(189,12,100,'Waktu Sewa Akan Habis','Sewa sepeda akan berakhir dalam 20 menit. Mohon segera kembalikan untuk menghindari denda.','warning',0,'2025-07-10 16:36:39'),
(190,16,99,'Denda Keterlambatan','Anda terlambat mengembalikan sepeda selama 14 menit. Denda: Rp14000','late',0,'2025-07-10 16:36:39'),
(191,12,100,'Waktu Sewa Akan Habis','Sewa sepeda akan berakhir dalam 19 menit. Mohon segera kembalikan untuk menghindari denda.','warning',0,'2025-07-10 16:37:39'),
(192,16,99,'Denda Keterlambatan','Anda terlambat mengembalikan sepeda selama 15 menit. Denda: Rp15000','late',0,'2025-07-10 16:37:39'),
(193,12,100,'Waktu Sewa Akan Habis','Sewa sepeda akan berakhir dalam 18 menit. Mohon segera kembalikan untuk menghindari denda.','warning',0,'2025-07-10 16:38:39'),
(194,16,99,'Denda Keterlambatan','Anda terlambat mengembalikan sepeda selama 16 menit. Denda: Rp16000','late',0,'2025-07-10 16:38:39'),
(195,12,100,'Waktu Sewa Akan Habis','Sewa sepeda akan berakhir dalam 17 menit. Mohon segera kembalikan untuk menghindari denda.','warning',0,'2025-07-10 16:39:39'),
(196,16,99,'Denda Keterlambatan','Anda terlambat mengembalikan sepeda selama 17 menit. Denda: Rp17000','late',0,'2025-07-10 16:39:39'),
(197,12,100,'Waktu Sewa Akan Habis','Sewa sepeda akan berakhir dalam 16 menit. Mohon segera kembalikan untuk menghindari denda.','warning',0,'2025-07-10 16:40:39'),
(198,16,99,'Denda Keterlambatan','Anda terlambat mengembalikan sepeda selama 18 menit. Denda: Rp18000','late',0,'2025-07-10 16:40:39'),
(199,16,99,'Denda Keterlambatan','Anda terlambat mengembalikan sepeda selama 91 menit. Denda: Rp91000','late',0,'2025-07-10 17:53:22'),
(200,12,100,'Denda Keterlambatan','Anda terlambat mengembalikan sepeda selama 55 menit. Denda: Rp55000','late',0,'2025-07-10 17:53:22'),
(201,16,99,'Denda Keterlambatan','Anda terlambat mengembalikan sepeda selama 92 menit. Denda: Rp92000','late',0,'2025-07-10 17:54:22'),
(202,12,100,'Denda Keterlambatan','Anda terlambat mengembalikan sepeda selama 56 menit. Denda: Rp56000','late',0,'2025-07-10 17:54:22'),
(203,16,99,'Denda Keterlambatan','Anda terlambat mengembalikan sepeda selama 93 menit. Denda: Rp93000','late',0,'2025-07-10 17:55:22'),
(204,12,100,'Denda Keterlambatan','Anda terlambat mengembalikan sepeda selama 57 menit. Denda: Rp57000','late',0,'2025-07-10 17:55:22'),
(205,16,99,'Denda Keterlambatan','Anda terlambat mengembalikan sepeda selama 94 menit. Denda: Rp94000','late',0,'2025-07-10 17:56:22'),
(206,12,100,'Denda Keterlambatan','Anda terlambat mengembalikan sepeda selama 58 menit. Denda: Rp58000','late',0,'2025-07-10 17:56:22'),
(207,16,99,'Denda Keterlambatan','Anda terlambat mengembalikan sepeda selama 95 menit. Denda: Rp95000','late',0,'2025-07-10 17:57:22'),
(208,12,100,'Denda Keterlambatan','Anda terlambat mengembalikan sepeda selama 59 menit. Denda: Rp59000','late',0,'2025-07-10 17:57:22'),
(209,16,99,'Denda Keterlambatan','Anda terlambat mengembalikan sepeda selama 96 menit. Denda: Rp96000','late',0,'2025-07-10 17:58:22'),
(210,12,100,'Denda Keterlambatan','Anda terlambat mengembalikan sepeda selama 60 menit. Denda: Rp60000','late',0,'2025-07-10 17:58:22'),
(211,16,99,'Denda Keterlambatan','Anda terlambat mengembalikan sepeda selama 97 menit. Denda: Rp97000','late',0,'2025-07-10 17:59:22'),
(212,12,100,'Denda Keterlambatan','Anda terlambat mengembalikan sepeda selama 61 menit. Denda: Rp61000','late',0,'2025-07-10 17:59:22'),
(213,16,99,'Denda Keterlambatan','Anda terlambat mengembalikan sepeda selama 98 menit. Denda: Rp98000','late',0,'2025-07-10 18:00:22'),
(214,12,100,'Denda Keterlambatan','Anda terlambat mengembalikan sepeda selama 62 menit. Denda: Rp62000','late',0,'2025-07-10 18:00:22'),
(215,16,99,'Denda Keterlambatan','Anda terlambat mengembalikan sepeda selama 99 menit. Denda: Rp99000','late',0,'2025-07-10 18:01:22'),
(216,12,100,'Denda Keterlambatan','Anda terlambat mengembalikan sepeda selama 63 menit. Denda: Rp63000','late',0,'2025-07-10 18:01:22'),
(217,16,99,'Denda Keterlambatan','Anda terlambat mengembalikan sepeda selama 100 menit. Denda: Rp100000','late',0,'2025-07-10 18:02:22'),
(218,12,100,'Denda Keterlambatan','Anda terlambat mengembalikan sepeda selama 64 menit. Denda: Rp64000','late',0,'2025-07-10 18:02:22'),
(219,16,99,'Denda Keterlambatan','Anda terlambat mengembalikan sepeda selama 101 menit. Denda: Rp101000','late',0,'2025-07-10 18:03:22'),
(220,12,100,'Denda Keterlambatan','Anda terlambat mengembalikan sepeda selama 65 menit. Denda: Rp65000','late',0,'2025-07-10 18:03:22'),
(221,16,99,'Denda Keterlambatan','Anda terlambat mengembalikan sepeda selama 102 menit. Denda: Rp102000','late',0,'2025-07-10 18:04:22'),
(222,12,100,'Denda Keterlambatan','Anda terlambat mengembalikan sepeda selama 66 menit. Denda: Rp66000','late',0,'2025-07-10 18:04:22'),
(223,16,99,'Denda Keterlambatan','Anda terlambat mengembalikan sepeda selama 104 menit. Denda: Rp104000','late',0,'2025-07-10 18:06:07'),
(224,12,100,'Denda Keterlambatan','Anda terlambat mengembalikan sepeda selama 68 menit. Denda: Rp68000','late',0,'2025-07-10 18:06:07'),
(225,16,99,'Denda Keterlambatan','Anda terlambat mengembalikan sepeda selama 105 menit. Denda: Rp105000','late',0,'2025-07-10 18:07:06'),
(226,12,100,'Denda Keterlambatan','Anda terlambat mengembalikan sepeda selama 69 menit. Denda: Rp69000','late',0,'2025-07-10 18:07:06'),
(227,16,99,'Denda Keterlambatan','Anda terlambat mengembalikan sepeda selama 106 menit. Denda: Rp106000','late',0,'2025-07-10 18:08:06'),
(228,12,100,'Denda Keterlambatan','Anda terlambat mengembalikan sepeda selama 70 menit. Denda: Rp70000','late',0,'2025-07-10 18:08:06'),
(229,16,99,'Denda Keterlambatan','Anda terlambat mengembalikan sepeda selama 107 menit. Denda: Rp107000','late',0,'2025-07-10 18:09:06'),
(230,12,100,'Denda Keterlambatan','Anda terlambat mengembalikan sepeda selama 71 menit. Denda: Rp71000','late',0,'2025-07-10 18:09:06'),
(231,16,99,'Denda Keterlambatan','Anda terlambat mengembalikan sepeda selama 108 menit. Denda: Rp108000','late',0,'2025-07-10 18:10:06'),
(232,12,100,'Denda Keterlambatan','Anda terlambat mengembalikan sepeda selama 72 menit. Denda: Rp72000','late',0,'2025-07-10 18:10:06'),
(233,16,99,'Denda Keterlambatan','Anda terlambat mengembalikan sepeda selama 109 menit. Denda: Rp109000','late',0,'2025-07-10 18:11:06'),
(234,12,100,'Denda Keterlambatan','Anda terlambat mengembalikan sepeda selama 73 menit. Denda: Rp73000','late',0,'2025-07-10 18:11:06'),
(235,16,99,'Denda Keterlambatan','Anda terlambat mengembalikan sepeda selama 110 menit. Denda: Rp110000','late',0,'2025-07-10 18:12:06'),
(236,12,100,'Denda Keterlambatan','Anda terlambat mengembalikan sepeda selama 74 menit. Denda: Rp74000','late',0,'2025-07-10 18:12:06'),
(237,16,99,'Denda Keterlambatan','Anda terlambat mengembalikan sepeda selama 111 menit. Denda: Rp111000','late',0,'2025-07-10 18:13:06'),
(238,12,100,'Denda Keterlambatan','Anda terlambat mengembalikan sepeda selama 75 menit. Denda: Rp75000','late',0,'2025-07-10 18:13:06'),
(239,16,99,'Denda Keterlambatan','Anda terlambat mengembalikan sepeda selama 112 menit. Denda: Rp112000','late',0,'2025-07-10 18:14:06'),
(240,12,100,'Denda Keterlambatan','Anda terlambat mengembalikan sepeda selama 76 menit. Denda: Rp76000','late',0,'2025-07-10 18:14:06'),
(241,16,99,'Denda Keterlambatan','Anda terlambat mengembalikan sepeda selama 113 menit. Denda: Rp113000','late',0,'2025-07-10 18:15:06'),
(242,12,100,'Denda Keterlambatan','Anda terlambat mengembalikan sepeda selama 77 menit. Denda: Rp77000','late',0,'2025-07-10 18:15:06'),
(243,16,99,'Denda Keterlambatan','Anda terlambat mengembalikan sepeda selama 114 menit. Denda: Rp114000','late',0,'2025-07-10 18:16:06'),
(244,12,100,'Denda Keterlambatan','Anda terlambat mengembalikan sepeda selama 78 menit. Denda: Rp78000','late',0,'2025-07-10 18:16:06'),
(245,16,99,'Denda Keterlambatan','Anda terlambat mengembalikan sepeda selama 115 menit. Denda: Rp115000','late',0,'2025-07-10 18:17:06'),
(246,12,100,'Denda Keterlambatan','Anda terlambat mengembalikan sepeda selama 79 menit. Denda: Rp79000','late',0,'2025-07-10 18:17:06'),
(247,16,99,'Denda Keterlambatan','Anda terlambat mengembalikan sepeda selama 116 menit. Denda: Rp116000','late',0,'2025-07-10 18:18:21'),
(248,12,100,'Denda Keterlambatan','Anda terlambat mengembalikan sepeda selama 80 menit. Denda: Rp80000','late',0,'2025-07-10 18:18:21'),
(249,16,99,'Denda Keterlambatan','Anda terlambat mengembalikan sepeda selama 117 menit. Denda: Rp117000','late',0,'2025-07-10 18:19:21'),
(250,12,100,'Denda Keterlambatan','Anda terlambat mengembalikan sepeda selama 81 menit. Denda: Rp81000','late',0,'2025-07-10 18:19:21'),
(251,16,99,'Denda Keterlambatan','Anda terlambat mengembalikan sepeda selama 118 menit. Denda: Rp118000','late',0,'2025-07-10 18:20:21'),
(252,12,100,'Denda Keterlambatan','Anda terlambat mengembalikan sepeda selama 82 menit. Denda: Rp82000','late',0,'2025-07-10 18:20:21'),
(253,16,99,'Denda Keterlambatan','Anda terlambat mengembalikan sepeda selama 119 menit. Denda: Rp119000','late',0,'2025-07-10 18:21:21'),
(254,12,100,'Denda Keterlambatan','Anda terlambat mengembalikan sepeda selama 83 menit. Denda: Rp83000','late',0,'2025-07-10 18:21:21'),
(255,16,99,'Denda Keterlambatan','Anda terlambat mengembalikan sepeda selama 120 menit. Denda: Rp120000','late',0,'2025-07-10 18:22:21'),
(256,12,100,'Denda Keterlambatan','Anda terlambat mengembalikan sepeda selama 84 menit. Denda: Rp84000','late',0,'2025-07-10 18:22:21'),
(257,16,99,'Denda Keterlambatan','Anda terlambat mengembalikan sepeda selama 121 menit. Denda: Rp121000','late',0,'2025-07-10 18:23:21'),
(258,12,100,'Denda Keterlambatan','Anda terlambat mengembalikan sepeda selama 85 menit. Denda: Rp85000','late',0,'2025-07-10 18:23:21'),
(259,16,99,'Denda Keterlambatan','Anda terlambat mengembalikan sepeda selama 122 menit. Denda: Rp122000','late',0,'2025-07-10 18:24:21'),
(260,12,100,'Denda Keterlambatan','Anda terlambat mengembalikan sepeda selama 86 menit. Denda: Rp86000','late',0,'2025-07-10 18:24:21'),
(261,16,99,'Denda Keterlambatan','Anda terlambat mengembalikan sepeda selama 123 menit. Denda: Rp123000','late',0,'2025-07-10 18:25:49'),
(262,12,100,'Denda Keterlambatan','Anda terlambat mengembalikan sepeda selama 88 menit. Denda: Rp88000','late',0,'2025-07-10 18:25:49'),
(263,16,99,'Denda Keterlambatan','Anda terlambat mengembalikan sepeda selama 124 menit. Denda: Rp124000','late',0,'2025-07-10 18:26:49'),
(264,12,100,'Denda Keterlambatan','Anda terlambat mengembalikan sepeda selama 89 menit. Denda: Rp89000','late',0,'2025-07-10 18:26:49'),
(265,16,99,'Denda Keterlambatan','Anda terlambat mengembalikan sepeda selama 125 menit. Denda: Rp125000','late',0,'2025-07-10 18:27:49'),
(266,12,100,'Denda Keterlambatan','Anda terlambat mengembalikan sepeda selama 90 menit. Denda: Rp90000','late',0,'2025-07-10 18:27:49'),
(267,16,99,'Denda Keterlambatan','Anda terlambat mengembalikan sepeda selama 126 menit. Denda: Rp126000','late',0,'2025-07-10 18:28:49'),
(268,12,100,'Denda Keterlambatan','Anda terlambat mengembalikan sepeda selama 91 menit. Denda: Rp91000','late',0,'2025-07-10 18:28:49'),
(269,16,99,'Denda Keterlambatan','Anda terlambat mengembalikan sepeda selama 129 menit. Denda: Rp129000','late',0,'2025-07-10 18:31:39'),
(270,12,100,'Denda Keterlambatan','Anda terlambat mengembalikan sepeda selama 94 menit. Denda: Rp94000','late',0,'2025-07-10 18:31:39'),
(271,16,99,'Denda Keterlambatan','Anda terlambat mengembalikan sepeda selama 130 menit. Denda: Rp130000','late',0,'2025-07-10 18:32:39'),
(272,12,100,'Denda Keterlambatan','Anda terlambat mengembalikan sepeda selama 95 menit. Denda: Rp95000','late',0,'2025-07-10 18:32:39'),
(273,16,99,'Denda Keterlambatan','Anda terlambat mengembalikan sepeda selama 131 menit. Denda: Rp131000','late',0,'2025-07-10 18:33:39'),
(274,12,100,'Denda Keterlambatan','Anda terlambat mengembalikan sepeda selama 96 menit. Denda: Rp96000','late',0,'2025-07-10 18:33:39'),
(275,16,99,'Denda Keterlambatan','Anda terlambat mengembalikan sepeda selama 132 menit. Denda: Rp132000','late',0,'2025-07-10 18:34:39'),
(276,12,100,'Denda Keterlambatan','Anda terlambat mengembalikan sepeda selama 97 menit. Denda: Rp97000','late',0,'2025-07-10 18:34:39'),
(277,16,99,'Denda Keterlambatan','Anda terlambat mengembalikan sepeda selama 134 menit. Denda: Rp134000','late',0,'2025-07-10 18:36:15'),
(278,12,100,'Denda Keterlambatan','Anda terlambat mengembalikan sepeda selama 98 menit. Denda: Rp98000','late',0,'2025-07-10 18:36:16'),
(279,16,99,'Denda Keterlambatan','Anda terlambat mengembalikan sepeda selama 135 menit. Denda: Rp135000','late',0,'2025-07-10 18:37:15'),
(280,12,100,'Denda Keterlambatan','Anda terlambat mengembalikan sepeda selama 99 menit. Denda: Rp99000','late',0,'2025-07-10 18:37:15'),
(281,16,99,'Denda Keterlambatan','Anda terlambat mengembalikan sepeda selama 136 menit. Denda: Rp136000','late',0,'2025-07-10 18:38:15'),
(282,12,100,'Denda Keterlambatan','Anda terlambat mengembalikan sepeda selama 100 menit. Denda: Rp100000','late',0,'2025-07-10 18:38:15'),
(283,16,99,'Denda Keterlambatan','Anda terlambat mengembalikan sepeda selama 137 menit. Denda: Rp137000','late',0,'2025-07-10 18:39:15'),
(284,12,100,'Denda Keterlambatan','Anda terlambat mengembalikan sepeda selama 101 menit. Denda: Rp101000','late',0,'2025-07-10 18:39:15'),
(285,16,99,'Denda Keterlambatan','Anda terlambat mengembalikan sepeda selama 138 menit. Denda: Rp138000','late',0,'2025-07-10 18:40:15'),
(286,12,100,'Denda Keterlambatan','Anda terlambat mengembalikan sepeda selama 102 menit. Denda: Rp102000','late',0,'2025-07-10 18:40:15'),
(287,16,99,'Denda Keterlambatan','Anda terlambat mengembalikan sepeda selama 139 menit. Denda: Rp139000','late',0,'2025-07-10 18:41:15'),
(288,12,100,'Denda Keterlambatan','Anda terlambat mengembalikan sepeda selama 103 menit. Denda: Rp103000','late',0,'2025-07-10 18:41:15'),
(289,16,99,'Denda Keterlambatan','Anda terlambat mengembalikan sepeda selama 140 menit. Denda: Rp140000','late',0,'2025-07-10 18:42:15'),
(290,12,100,'Denda Keterlambatan','Anda terlambat mengembalikan sepeda selama 104 menit. Denda: Rp104000','late',0,'2025-07-10 18:42:15'),
(291,16,99,'Denda Keterlambatan','Anda terlambat mengembalikan sepeda selama 141 menit. Denda: Rp141000','late',0,'2025-07-10 18:43:15'),
(292,12,100,'Denda Keterlambatan','Anda terlambat mengembalikan sepeda selama 105 menit. Denda: Rp105000','late',0,'2025-07-10 18:43:15'),
(293,16,99,'Denda Keterlambatan','Anda terlambat mengembalikan sepeda selama 142 menit. Denda: Rp142000','late',0,'2025-07-10 18:44:15'),
(294,12,100,'Denda Keterlambatan','Anda terlambat mengembalikan sepeda selama 106 menit. Denda: Rp106000','late',0,'2025-07-10 18:44:15'),
(295,16,99,'Denda Keterlambatan','Anda terlambat mengembalikan sepeda selama 143 menit. Denda: Rp143000','late',0,'2025-07-10 18:45:15'),
(296,12,100,'Denda Keterlambatan','Anda terlambat mengembalikan sepeda selama 107 menit. Denda: Rp107000','late',0,'2025-07-10 18:45:15'),
(297,16,99,'Denda Keterlambatan','Anda terlambat mengembalikan sepeda selama 144 menit. Denda: Rp144000','late',0,'2025-07-10 18:46:15'),
(298,12,100,'Denda Keterlambatan','Anda terlambat mengembalikan sepeda selama 108 menit. Denda: Rp108000','late',0,'2025-07-10 18:46:15'),
(299,16,99,'Denda Keterlambatan','Anda terlambat mengembalikan sepeda selama 145 menit. Denda: Rp145000','late',0,'2025-07-10 18:47:15'),
(300,12,100,'Denda Keterlambatan','Anda terlambat mengembalikan sepeda selama 109 menit. Denda: Rp109000','late',0,'2025-07-10 18:47:15'),
(301,16,99,'Denda Keterlambatan','Anda terlambat mengembalikan sepeda selama 146 menit. Denda: Rp146000','late',0,'2025-07-10 18:48:15'),
(302,12,100,'Denda Keterlambatan','Anda terlambat mengembalikan sepeda selama 110 menit. Denda: Rp110000','late',0,'2025-07-10 18:48:15'),
(303,16,99,'Denda Keterlambatan','Anda terlambat mengembalikan sepeda selama 147 menit. Denda: Rp147000','late',0,'2025-07-10 18:49:15'),
(304,12,100,'Denda Keterlambatan','Anda terlambat mengembalikan sepeda selama 111 menit. Denda: Rp111000','late',0,'2025-07-10 18:49:15'),
(305,16,99,'Denda Keterlambatan','Anda terlambat mengembalikan sepeda selama 148 menit. Denda: Rp148000','late',0,'2025-07-10 18:50:15'),
(306,12,100,'Denda Keterlambatan','Anda terlambat mengembalikan sepeda selama 112 menit. Denda: Rp112000','late',0,'2025-07-10 18:50:15'),
(307,16,99,'Denda Keterlambatan','Anda terlambat mengembalikan sepeda selama 149 menit. Denda: Rp149000','late',0,'2025-07-10 18:51:15'),
(308,12,100,'Denda Keterlambatan','Anda terlambat mengembalikan sepeda selama 113 menit. Denda: Rp113000','late',0,'2025-07-10 18:51:15'),
(309,16,99,'Denda Keterlambatan','Anda terlambat mengembalikan sepeda selama 150 menit. Denda: Rp150000','late',0,'2025-07-10 18:52:15'),
(310,12,100,'Denda Keterlambatan','Anda terlambat mengembalikan sepeda selama 114 menit. Denda: Rp114000','late',0,'2025-07-10 18:52:15'),
(311,16,99,'Denda Keterlambatan','Anda terlambat mengembalikan sepeda selama 151 menit. Denda: Rp151000','late',0,'2025-07-10 18:53:15'),
(312,12,100,'Denda Keterlambatan','Anda terlambat mengembalikan sepeda selama 115 menit. Denda: Rp115000','late',0,'2025-07-10 18:53:15'),
(313,16,99,'Denda Keterlambatan','Anda terlambat mengembalikan sepeda selama 152 menit. Denda: Rp152000','late',0,'2025-07-10 18:54:18'),
(314,12,100,'Denda Keterlambatan','Anda terlambat mengembalikan sepeda selama 116 menit. Denda: Rp116000','late',0,'2025-07-10 18:54:18'),
(315,16,99,'Denda Keterlambatan','Anda terlambat mengembalikan sepeda selama 153 menit. Denda: Rp153000','late',0,'2025-07-10 18:55:18'),
(316,12,100,'Denda Keterlambatan','Anda terlambat mengembalikan sepeda selama 117 menit. Denda: Rp117000','late',0,'2025-07-10 18:55:18'),
(317,16,99,'Denda Keterlambatan','Anda terlambat mengembalikan sepeda selama 154 menit. Denda: Rp154000','late',0,'2025-07-10 18:56:18'),
(318,12,100,'Denda Keterlambatan','Anda terlambat mengembalikan sepeda selama 118 menit. Denda: Rp118000','late',0,'2025-07-10 18:56:18'),
(319,16,99,'Denda Keterlambatan','Anda terlambat mengembalikan sepeda selama 155 menit. Denda: Rp155000','late',0,'2025-07-10 18:57:18'),
(320,12,100,'Denda Keterlambatan','Anda terlambat mengembalikan sepeda selama 119 menit. Denda: Rp119000','late',0,'2025-07-10 18:57:18'),
(321,16,99,'Denda Keterlambatan','Anda terlambat mengembalikan sepeda selama 156 menit. Denda: Rp156000','late',0,'2025-07-10 18:58:18'),
(322,12,100,'Denda Keterlambatan','Anda terlambat mengembalikan sepeda selama 120 menit. Denda: Rp120000','late',0,'2025-07-10 18:58:18'),
(323,16,99,'Denda Keterlambatan','Anda terlambat mengembalikan sepeda selama 157 menit. Denda: Rp157000','late',0,'2025-07-10 18:59:18'),
(324,12,100,'Denda Keterlambatan','Anda terlambat mengembalikan sepeda selama 121 menit. Denda: Rp121000','late',0,'2025-07-10 18:59:18'),
(325,16,99,'Denda Keterlambatan','Anda terlambat mengembalikan sepeda selama 158 menit. Denda: Rp158000','late',0,'2025-07-10 19:00:18'),
(326,12,100,'Denda Keterlambatan','Anda terlambat mengembalikan sepeda selama 122 menit. Denda: Rp122000','late',0,'2025-07-10 19:00:18'),
(327,16,99,'Denda Keterlambatan','Anda terlambat mengembalikan sepeda selama 159 menit. Denda: Rp159000','late',0,'2025-07-10 19:01:18'),
(328,12,100,'Denda Keterlambatan','Anda terlambat mengembalikan sepeda selama 123 menit. Denda: Rp123000','late',0,'2025-07-10 19:01:18'),
(329,16,99,'Denda Keterlambatan','Anda terlambat mengembalikan sepeda selama 160 menit. Denda: Rp160000','late',0,'2025-07-10 19:02:18'),
(330,12,100,'Denda Keterlambatan','Anda terlambat mengembalikan sepeda selama 124 menit. Denda: Rp124000','late',0,'2025-07-10 19:02:18'),
(331,16,99,'Denda Keterlambatan','Anda terlambat mengembalikan sepeda selama 161 menit. Denda: Rp161000','late',0,'2025-07-10 19:03:18'),
(332,12,100,'Denda Keterlambatan','Anda terlambat mengembalikan sepeda selama 125 menit. Denda: Rp125000','late',0,'2025-07-10 19:03:18'),
(333,16,99,'Denda Keterlambatan','Anda terlambat mengembalikan sepeda selama 162 menit. Denda: Rp162000','late',0,'2025-07-10 19:04:18'),
(334,12,100,'Denda Keterlambatan','Anda terlambat mengembalikan sepeda selama 126 menit. Denda: Rp126000','late',0,'2025-07-10 19:04:18'),
(335,16,99,'Denda Keterlambatan','Anda terlambat mengembalikan sepeda selama 163 menit. Denda: Rp163000','late',0,'2025-07-10 19:05:18'),
(336,12,100,'Denda Keterlambatan','Anda terlambat mengembalikan sepeda selama 127 menit. Denda: Rp127000','late',0,'2025-07-10 19:05:18'),
(337,16,99,'Denda Keterlambatan','Anda terlambat mengembalikan sepeda selama 164 menit. Denda: Rp164000','late',0,'2025-07-10 19:06:18'),
(338,12,100,'Denda Keterlambatan','Anda terlambat mengembalikan sepeda selama 128 menit. Denda: Rp128000','late',0,'2025-07-10 19:06:18'),
(339,16,99,'Denda Keterlambatan','Anda terlambat mengembalikan sepeda selama 165 menit. Denda: Rp165000','late',0,'2025-07-10 19:07:18'),
(340,12,100,'Denda Keterlambatan','Anda terlambat mengembalikan sepeda selama 129 menit. Denda: Rp129000','late',0,'2025-07-10 19:07:18'),
(341,16,99,'Denda Keterlambatan','Anda terlambat mengembalikan sepeda selama 166 menit. Denda: Rp166000','late',0,'2025-07-10 19:08:18'),
(342,12,100,'Denda Keterlambatan','Anda terlambat mengembalikan sepeda selama 130 menit. Denda: Rp130000','late',0,'2025-07-10 19:08:18'),
(343,16,99,'Denda Keterlambatan','Anda terlambat mengembalikan sepeda selama 167 menit. Denda: Rp167000','late',0,'2025-07-10 19:09:18'),
(344,12,100,'Denda Keterlambatan','Anda terlambat mengembalikan sepeda selama 131 menit. Denda: Rp131000','late',0,'2025-07-10 19:09:18'),
(345,16,99,'Denda Keterlambatan','Anda terlambat mengembalikan sepeda selama 168 menit. Denda: Rp168000','late',0,'2025-07-10 19:10:18'),
(346,12,100,'Denda Keterlambatan','Anda terlambat mengembalikan sepeda selama 132 menit. Denda: Rp132000','late',0,'2025-07-10 19:10:18'),
(347,16,99,'Denda Keterlambatan','Anda terlambat mengembalikan sepeda selama 169 menit. Denda: Rp169000','late',0,'2025-07-10 19:11:18'),
(348,12,100,'Denda Keterlambatan','Anda terlambat mengembalikan sepeda selama 133 menit. Denda: Rp133000','late',0,'2025-07-10 19:11:18'),
(349,16,99,'Denda Keterlambatan','Anda terlambat mengembalikan sepeda selama 170 menit. Denda: Rp170000','late',0,'2025-07-10 19:12:19'),
(350,12,100,'Denda Keterlambatan','Anda terlambat mengembalikan sepeda selama 134 menit. Denda: Rp134000','late',0,'2025-07-10 19:12:19'),
(351,16,99,'Denda Keterlambatan','Anda terlambat mengembalikan sepeda selama 171 menit. Denda: Rp171000','late',0,'2025-07-10 19:13:18'),
(352,12,100,'Denda Keterlambatan','Anda terlambat mengembalikan sepeda selama 135 menit. Denda: Rp135000','late',0,'2025-07-10 19:13:18'),
(353,16,99,'Denda Keterlambatan','Anda terlambat mengembalikan sepeda selama 172 menit. Denda: Rp172000','late',0,'2025-07-10 19:14:18'),
(354,12,100,'Denda Keterlambatan','Anda terlambat mengembalikan sepeda selama 136 menit. Denda: Rp136000','late',0,'2025-07-10 19:14:18'),
(355,16,99,'Denda Keterlambatan','Anda terlambat mengembalikan sepeda selama 173 menit. Denda: Rp173000','late',0,'2025-07-10 19:15:18'),
(356,12,100,'Denda Keterlambatan','Anda terlambat mengembalikan sepeda selama 137 menit. Denda: Rp137000','late',0,'2025-07-10 19:15:18'),
(357,16,99,'Denda Keterlambatan','Anda terlambat mengembalikan sepeda selama 174 menit. Denda: Rp174000','late',0,'2025-07-10 19:16:18'),
(358,12,100,'Denda Keterlambatan','Anda terlambat mengembalikan sepeda selama 138 menit. Denda: Rp138000','late',0,'2025-07-10 19:16:18'),
(359,16,99,'Denda Keterlambatan','Anda terlambat mengembalikan sepeda selama 175 menit. Denda: Rp175000','late',0,'2025-07-10 19:17:18'),
(360,12,100,'Denda Keterlambatan','Anda terlambat mengembalikan sepeda selama 139 menit. Denda: Rp139000','late',0,'2025-07-10 19:17:18'),
(361,16,99,'Denda Keterlambatan','Anda terlambat mengembalikan sepeda selama 176 menit. Denda: Rp176000','late',0,'2025-07-10 19:19:01'),
(362,12,100,'Denda Keterlambatan','Anda terlambat mengembalikan sepeda selama 141 menit. Denda: Rp141000','late',0,'2025-07-10 19:19:01'),
(363,16,99,'Denda Keterlambatan','Anda terlambat mengembalikan sepeda selama 177 menit. Denda: Rp177000','late',0,'2025-07-10 19:20:01'),
(364,12,100,'Denda Keterlambatan','Anda terlambat mengembalikan sepeda selama 142 menit. Denda: Rp142000','late',0,'2025-07-10 19:20:01'),
(365,12,100,'Denda Rental','Anda memiliki denda: \nKeterlambatan: Rp143000','late',0,'2025-07-10 19:20:26'),
(366,16,99,'Denda Keterlambatan','Anda terlambat mengembalikan sepeda selama 178 menit. Denda: Rp178000','late',0,'2025-07-10 19:21:01'),
(367,16,99,'Denda Keterlambatan','Anda terlambat mengembalikan sepeda selama 179 menit. Denda: Rp179000','late',0,'2025-07-10 19:22:01'),
(368,16,99,'Denda Keterlambatan','Anda terlambat mengembalikan sepeda selama 180 menit. Denda: Rp180000','late',0,'2025-07-10 19:23:01'),
(369,16,99,'Denda Keterlambatan','Anda terlambat mengembalikan sepeda selama 181 menit. Denda: Rp181000','late',0,'2025-07-10 19:24:01'),
(370,16,99,'Denda Keterlambatan','Anda terlambat mengembalikan sepeda selama 182 menit. Denda: Rp182000','late',0,'2025-07-10 19:25:01'),
(371,16,99,'Denda Keterlambatan','Anda terlambat mengembalikan sepeda selama 183 menit. Denda: Rp183000','late',0,'2025-07-10 19:26:01'),
(372,16,99,'Denda Keterlambatan','Anda terlambat mengembalikan sepeda selama 184 menit. Denda: Rp184000','late',0,'2025-07-10 19:27:01'),
(373,16,99,'Denda Keterlambatan','Anda terlambat mengembalikan sepeda selama 185 menit. Denda: Rp185000','late',0,'2025-07-10 19:28:01'),
(374,16,99,'Denda Keterlambatan','Anda terlambat mengembalikan sepeda selama 186 menit. Denda: Rp186000','late',0,'2025-07-10 19:29:01'),
(375,16,99,'Denda Keterlambatan','Anda terlambat mengembalikan sepeda selama 187 menit. Denda: Rp187000','late',0,'2025-07-10 19:30:01'),
(376,16,99,'Denda Keterlambatan','Anda terlambat mengembalikan sepeda selama 188 menit. Denda: Rp188000','late',0,'2025-07-10 19:31:01'),
(377,16,99,'Denda Keterlambatan','Anda terlambat mengembalikan sepeda selama 189 menit. Denda: Rp189000','late',0,'2025-07-10 19:32:01'),
(378,16,99,'Denda Keterlambatan','Anda terlambat mengembalikan sepeda selama 190 menit. Denda: Rp190000','late',0,'2025-07-10 19:33:01'),
(379,16,99,'Denda Keterlambatan','Anda terlambat mengembalikan sepeda selama 191 menit. Denda: Rp191000','late',0,'2025-07-10 19:34:01'),
(380,16,99,'Denda Keterlambatan','Anda terlambat mengembalikan sepeda selama 192 menit. Denda: Rp192000','late',0,'2025-07-10 19:35:01'),
(381,16,99,'Denda Keterlambatan','Anda terlambat mengembalikan sepeda selama 193 menit. Denda: Rp193000','late',0,'2025-07-10 19:36:01'),
(382,16,99,'Denda Keterlambatan','Anda terlambat mengembalikan sepeda selama 194 menit. Denda: Rp194000','late',0,'2025-07-10 19:37:01'),
(383,16,99,'Denda Keterlambatan','Anda terlambat mengembalikan sepeda selama 195 menit. Denda: Rp195000','late',0,'2025-07-10 19:38:01'),
(384,16,99,'Denda Keterlambatan','Anda terlambat mengembalikan sepeda selama 196 menit. Denda: Rp196000','late',0,'2025-07-10 19:39:01'),
(385,16,99,'Denda Keterlambatan','Anda terlambat mengembalikan sepeda selama 198 menit. Denda: Rp198000','late',0,'2025-07-10 19:40:39'),
(386,16,99,'Denda Keterlambatan','Anda terlambat mengembalikan sepeda selama 199 menit. Denda: Rp199000','late',0,'2025-07-10 19:41:39'),
(387,16,99,'Denda Keterlambatan','Anda terlambat mengembalikan sepeda selama 200 menit. Denda: Rp200000','late',0,'2025-07-10 19:42:39'),
(388,16,99,'Denda Keterlambatan','Anda terlambat mengembalikan sepeda selama 201 menit. Denda: Rp201000','late',0,'2025-07-10 19:43:39'),
(389,16,99,'Denda Keterlambatan','Anda terlambat mengembalikan sepeda selama 202 menit. Denda: Rp202000','late',0,'2025-07-10 19:44:39'),
(390,16,99,'Denda Keterlambatan','Anda terlambat mengembalikan sepeda selama 203 menit. Denda: Rp203000','late',0,'2025-07-10 19:45:39'),
(391,16,99,'Denda Keterlambatan','Anda terlambat mengembalikan sepeda selama 204 menit. Denda: Rp204000','late',0,'2025-07-10 19:46:39'),
(392,16,99,'Denda Keterlambatan','Anda terlambat mengembalikan sepeda selama 205 menit. Denda: Rp205000','late',0,'2025-07-10 19:47:39'),
(393,16,99,'Denda Keterlambatan','Anda terlambat mengembalikan sepeda selama 206 menit. Denda: Rp206000','late',0,'2025-07-10 19:48:39'),
(394,16,99,'Denda Keterlambatan','Anda terlambat mengembalikan sepeda selama 207 menit. Denda: Rp207000','late',0,'2025-07-10 19:49:39'),
(395,16,99,'Denda Keterlambatan','Anda terlambat mengembalikan sepeda selama 208 menit. Denda: Rp208000','late',0,'2025-07-10 19:50:39'),
(396,16,99,'Denda Keterlambatan','Anda terlambat mengembalikan sepeda selama 209 menit. Denda: Rp209000','late',0,'2025-07-10 19:51:39'),
(397,16,99,'Denda Keterlambatan','Anda terlambat mengembalikan sepeda selama 210 menit. Denda: Rp210000','late',0,'2025-07-10 19:52:39'),
(398,16,99,'Denda Keterlambatan','Anda terlambat mengembalikan sepeda selama 211 menit. Denda: Rp211000','late',0,'2025-07-10 19:53:39'),
(399,16,99,'Denda Keterlambatan','Anda terlambat mengembalikan sepeda selama 212 menit. Denda: Rp212000','late',0,'2025-07-10 19:54:39'),
(400,16,99,'Denda Keterlambatan','Anda terlambat mengembalikan sepeda selama 213 menit. Denda: Rp213000','late',0,'2025-07-10 19:55:39'),
(401,16,99,'Denda Keterlambatan','Anda terlambat mengembalikan sepeda selama 214 menit. Denda: Rp214000','late',0,'2025-07-10 19:56:39'),
(402,16,99,'Denda Keterlambatan','Anda terlambat mengembalikan sepeda selama 215 menit. Denda: Rp215000','late',0,'2025-07-10 19:57:39'),
(403,16,99,'Denda Keterlambatan','Anda terlambat mengembalikan sepeda selama 217 menit. Denda: Rp217000','late',0,'2025-07-10 19:59:40'),
(404,16,99,'Denda Keterlambatan','Anda terlambat mengembalikan sepeda selama 218 menit. Denda: Rp218000','late',0,'2025-07-10 20:00:40'),
(405,16,99,'Denda Keterlambatan','Anda terlambat mengembalikan sepeda selama 219 menit. Denda: Rp219000','late',0,'2025-07-10 20:01:40'),
(406,16,99,'Denda Keterlambatan','Anda terlambat mengembalikan sepeda selama 220 menit. Denda: Rp220000','late',0,'2025-07-10 20:02:40'),
(407,16,99,'Denda Keterlambatan','Anda terlambat mengembalikan sepeda selama 221 menit. Denda: Rp221000','late',0,'2025-07-10 20:03:40'),
(408,16,99,'Denda Keterlambatan','Anda terlambat mengembalikan sepeda selama 222 menit. Denda: Rp222000','late',0,'2025-07-10 20:04:40'),
(409,16,99,'Denda Keterlambatan','Anda terlambat mengembalikan sepeda selama 223 menit. Denda: Rp223000','late',0,'2025-07-10 20:05:40'),
(410,16,99,'Denda Keterlambatan','Anda terlambat mengembalikan sepeda selama 224 menit. Denda: Rp224000','late',0,'2025-07-10 20:06:40'),
(411,16,99,'Denda Keterlambatan','Anda terlambat mengembalikan sepeda selama 225 menit. Denda: Rp225000','late',0,'2025-07-10 20:07:40'),
(412,16,99,'Denda Keterlambatan','Anda terlambat mengembalikan sepeda selama 226 menit. Denda: Rp226000','late',0,'2025-07-10 20:08:40'),
(413,16,99,'Denda Keterlambatan','Anda terlambat mengembalikan sepeda selama 227 menit. Denda: Rp227000','late',0,'2025-07-10 20:09:40'),
(414,16,99,'Denda Keterlambatan','Anda terlambat mengembalikan sepeda selama 228 menit. Denda: Rp228000','late',0,'2025-07-10 20:10:40'),
(415,16,99,'Denda Keterlambatan','Anda terlambat mengembalikan sepeda selama 229 menit. Denda: Rp229000','late',0,'2025-07-10 20:11:40'),
(416,16,99,'Denda Keterlambatan','Anda terlambat mengembalikan sepeda selama 230 menit. Denda: Rp230000','late',0,'2025-07-10 20:12:40'),
(417,16,99,'Denda Keterlambatan','Anda terlambat mengembalikan sepeda selama 231 menit. Denda: Rp231000','late',0,'2025-07-10 20:13:40'),
(418,16,99,'Denda Keterlambatan','Anda terlambat mengembalikan sepeda selama 232 menit. Denda: Rp232000','late',0,'2025-07-10 20:14:40'),
(419,16,99,'Denda Keterlambatan','Anda terlambat mengembalikan sepeda selama 233 menit. Denda: Rp233000','late',0,'2025-07-10 20:15:40'),
(420,16,99,'Denda Keterlambatan','Anda terlambat mengembalikan sepeda selama 234 menit. Denda: Rp234000','late',0,'2025-07-10 20:16:40'),
(421,16,99,'Denda Keterlambatan','Anda terlambat mengembalikan sepeda selama 235 menit. Denda: Rp235000','late',0,'2025-07-10 20:17:40'),
(422,16,99,'Denda Keterlambatan','Anda terlambat mengembalikan sepeda selama 236 menit. Denda: Rp236000','late',0,'2025-07-10 20:18:40'),
(423,16,99,'Denda Keterlambatan','Anda terlambat mengembalikan sepeda selama 237 menit. Denda: Rp237000','late',0,'2025-07-10 20:19:40'),
(424,16,99,'Denda Keterlambatan','Anda terlambat mengembalikan sepeda selama 238 menit. Denda: Rp238000','late',0,'2025-07-10 20:20:40'),
(425,16,99,'Denda Keterlambatan','Anda terlambat mengembalikan sepeda selama 239 menit. Denda: Rp239000','late',0,'2025-07-10 20:21:40'),
(426,16,99,'Denda Keterlambatan','Anda terlambat mengembalikan sepeda selama 240 menit. Denda: Rp240000','late',0,'2025-07-10 20:22:40'),
(427,16,99,'Denda Keterlambatan','Anda terlambat mengembalikan sepeda selama 241 menit. Denda: Rp241000','late',0,'2025-07-10 20:23:40'),
(428,16,99,'Denda Keterlambatan','Anda terlambat mengembalikan sepeda selama 242 menit. Denda: Rp242000','late',0,'2025-07-10 20:24:40'),
(429,16,99,'Denda Keterlambatan','Anda terlambat mengembalikan sepeda selama 243 menit. Denda: Rp243000','late',0,'2025-07-10 20:25:40'),
(430,16,99,'Denda Keterlambatan','Anda terlambat mengembalikan sepeda selama 244 menit. Denda: Rp244000','late',0,'2025-07-10 20:26:40'),
(431,16,99,'Denda Keterlambatan','Anda terlambat mengembalikan sepeda selama 245 menit. Denda: Rp245000','late',0,'2025-07-10 20:27:40'),
(432,16,99,'Denda Keterlambatan','Anda terlambat mengembalikan sepeda selama 246 menit. Denda: Rp246000','late',0,'2025-07-10 20:28:40'),
(433,16,99,'Denda Keterlambatan','Anda terlambat mengembalikan sepeda selama 247 menit. Denda: Rp247000','late',0,'2025-07-10 20:29:40'),
(434,16,99,'Denda Keterlambatan','Anda terlambat mengembalikan sepeda selama 248 menit. Denda: Rp248000','late',0,'2025-07-10 20:30:40'),
(435,16,99,'Denda Keterlambatan','Anda terlambat mengembalikan sepeda selama 249 menit. Denda: Rp249000','late',0,'2025-07-10 20:31:40'),
(436,16,99,'Denda Keterlambatan','Anda terlambat mengembalikan sepeda selama 250 menit. Denda: Rp250000','late',0,'2025-07-10 20:32:40'),
(437,16,99,'Denda Keterlambatan','Anda terlambat mengembalikan sepeda selama 251 menit. Denda: Rp251000','late',0,'2025-07-10 20:33:40'),
(438,16,99,'Denda Keterlambatan','Anda terlambat mengembalikan sepeda selama 252 menit. Denda: Rp252000','late',0,'2025-07-10 20:34:40'),
(439,16,99,'Denda Keterlambatan','Anda terlambat mengembalikan sepeda selama 254 menit. Denda: Rp254000','late',0,'2025-07-10 20:36:50'),
(440,16,99,'Denda Keterlambatan','Anda terlambat mengembalikan sepeda selama 255 menit. Denda: Rp255000','late',0,'2025-07-10 20:37:50'),
(441,16,99,'Denda Keterlambatan','Anda terlambat mengembalikan sepeda selama 256 menit. Denda: Rp256000','late',0,'2025-07-10 20:38:50'),
(442,16,99,'Denda Keterlambatan','Anda terlambat mengembalikan sepeda selama 257 menit. Denda: Rp257000','late',0,'2025-07-10 20:39:50'),
(443,16,99,'Denda Keterlambatan','Anda terlambat mengembalikan sepeda selama 260 menit. Denda: Rp260000','late',0,'2025-07-10 20:42:45'),
(444,16,99,'Denda Keterlambatan','Anda terlambat mengembalikan sepeda selama 261 menit. Denda: Rp261000','late',0,'2025-07-10 20:43:45'),
(445,16,99,'Denda Keterlambatan','Anda terlambat mengembalikan sepeda selama 262 menit. Denda: Rp262000','late',0,'2025-07-10 20:44:45'),
(446,16,99,'Denda Keterlambatan','Anda terlambat mengembalikan sepeda selama 263 menit. Denda: Rp263000','late',0,'2025-07-10 20:45:45'),
(447,16,99,'Denda Keterlambatan','Anda terlambat mengembalikan sepeda selama 264 menit. Denda: Rp264000','late',0,'2025-07-10 20:46:45'),
(448,16,99,'Denda Keterlambatan','Anda terlambat mengembalikan sepeda selama 265 menit. Denda: Rp265000','late',0,'2025-07-10 20:47:45'),
(449,16,99,'Denda Keterlambatan','Anda terlambat mengembalikan sepeda selama 266 menit. Denda: Rp266000','late',0,'2025-07-10 20:48:45'),
(450,16,99,'Denda Keterlambatan','Anda terlambat mengembalikan sepeda selama 267 menit. Denda: Rp267000','late',0,'2025-07-10 20:49:45'),
(451,16,99,'Denda Keterlambatan','Anda terlambat mengembalikan sepeda selama 268 menit. Denda: Rp268000','late',0,'2025-07-10 20:50:45'),
(452,16,99,'Denda Keterlambatan','Anda terlambat mengembalikan sepeda selama 269 menit. Denda: Rp269000','late',0,'2025-07-10 20:51:45'),
(453,16,99,'Denda Keterlambatan','Anda terlambat mengembalikan sepeda selama 270 menit. Denda: Rp270000','late',0,'2025-07-10 20:52:45'),
(454,16,99,'Denda Keterlambatan','Anda terlambat mengembalikan sepeda selama 271 menit. Denda: Rp271000','late',0,'2025-07-10 20:53:45'),
(455,16,99,'Denda Keterlambatan','Anda terlambat mengembalikan sepeda selama 272 menit. Denda: Rp272000','late',0,'2025-07-10 20:54:45'),
(456,16,99,'Denda Keterlambatan','Anda terlambat mengembalikan sepeda selama 273 menit. Denda: Rp273000','late',0,'2025-07-10 20:55:45'),
(457,16,99,'Denda Keterlambatan','Anda terlambat mengembalikan sepeda selama 274 menit. Denda: Rp274000','late',0,'2025-07-10 20:56:45'),
(458,16,99,'Denda Keterlambatan','Anda terlambat mengembalikan sepeda selama 275 menit. Denda: Rp275000','late',0,'2025-07-10 20:57:45'),
(459,16,99,'Denda Keterlambatan','Anda terlambat mengembalikan sepeda selama 276 menit. Denda: Rp276000','late',0,'2025-07-10 20:58:45'),
(460,16,99,'Denda Keterlambatan','Anda terlambat mengembalikan sepeda selama 277 menit. Denda: Rp277000','late',0,'2025-07-10 20:59:45'),
(461,16,99,'Denda Keterlambatan','Anda terlambat mengembalikan sepeda selama 278 menit. Denda: Rp278000','late',0,'2025-07-10 21:00:45'),
(462,16,99,'Denda Keterlambatan','Anda terlambat mengembalikan sepeda selama 279 menit. Denda: Rp279000','late',0,'2025-07-10 21:01:45'),
(463,16,99,'Denda Keterlambatan','Anda terlambat mengembalikan sepeda selama 280 menit. Denda: Rp280000','late',0,'2025-07-10 21:02:45'),
(464,16,99,'Denda Keterlambatan','Anda terlambat mengembalikan sepeda selama 281 menit. Denda: Rp281000','late',0,'2025-07-10 21:03:45'),
(465,16,99,'Denda Keterlambatan','Anda terlambat mengembalikan sepeda selama 282 menit. Denda: Rp282000','late',0,'2025-07-10 21:04:45'),
(466,16,99,'Denda Keterlambatan','Anda terlambat mengembalikan sepeda selama 283 menit. Denda: Rp283000','late',0,'2025-07-10 21:05:45'),
(467,16,99,'Denda Keterlambatan','Anda terlambat mengembalikan sepeda selama 284 menit. Denda: Rp284000','late',0,'2025-07-10 21:06:45'),
(468,16,99,'Denda Keterlambatan','Anda terlambat mengembalikan sepeda selama 285 menit. Denda: Rp285000','late',0,'2025-07-10 21:07:45'),
(469,16,99,'Denda Keterlambatan','Anda terlambat mengembalikan sepeda selama 286 menit. Denda: Rp286000','late',0,'2025-07-10 21:08:45'),
(470,16,99,'Denda Keterlambatan','Anda terlambat mengembalikan sepeda selama 287 menit. Denda: Rp287000','late',0,'2025-07-10 21:09:45'),
(471,16,99,'Denda Keterlambatan','Anda terlambat mengembalikan sepeda selama 288 menit. Denda: Rp288000','late',0,'2025-07-10 21:10:45'),
(472,16,99,'Denda Keterlambatan','Anda terlambat mengembalikan sepeda selama 289 menit. Denda: Rp289000','late',0,'2025-07-10 21:11:45'),
(473,16,99,'Denda Keterlambatan','Anda terlambat mengembalikan sepeda selama 290 menit. Denda: Rp290000','late',0,'2025-07-10 21:12:45'),
(474,16,99,'Denda Keterlambatan','Anda terlambat mengembalikan sepeda selama 291 menit. Denda: Rp291000','late',0,'2025-07-10 21:13:45'),
(475,16,99,'Denda Keterlambatan','Anda terlambat mengembalikan sepeda selama 292 menit. Denda: Rp292000','late',0,'2025-07-10 21:14:45'),
(476,16,99,'Denda Keterlambatan','Anda terlambat mengembalikan sepeda selama 293 menit. Denda: Rp293000','late',0,'2025-07-10 21:15:45'),
(477,16,99,'Denda Keterlambatan','Anda terlambat mengembalikan sepeda selama 294 menit. Denda: Rp294000','late',0,'2025-07-10 21:16:45'),
(478,16,99,'Denda Keterlambatan','Anda terlambat mengembalikan sepeda selama 295 menit. Denda: Rp295000','late',0,'2025-07-10 21:17:45'),
(479,16,99,'Denda Keterlambatan','Anda terlambat mengembalikan sepeda selama 296 menit. Denda: Rp296000','late',0,'2025-07-10 21:18:45'),
(480,16,99,'Denda Keterlambatan','Anda terlambat mengembalikan sepeda selama 297 menit. Denda: Rp297000','late',0,'2025-07-10 21:19:45'),
(481,16,99,'Denda Keterlambatan','Anda terlambat mengembalikan sepeda selama 298 menit. Denda: Rp298000','late',0,'2025-07-10 21:20:45'),
(482,16,99,'Denda Keterlambatan','Anda terlambat mengembalikan sepeda selama 299 menit. Denda: Rp299000','late',0,'2025-07-10 21:21:45'),
(483,16,99,'Denda Keterlambatan','Anda terlambat mengembalikan sepeda selama 300 menit. Denda: Rp300000','late',0,'2025-07-10 21:22:45'),
(484,16,99,'Denda Keterlambatan','Anda terlambat mengembalikan sepeda selama 301 menit. Denda: Rp301000','late',0,'2025-07-10 21:23:45'),
(485,16,99,'Denda Keterlambatan','Anda terlambat mengembalikan sepeda selama 302 menit. Denda: Rp302000','late',0,'2025-07-10 21:24:45'),
(486,16,99,'Denda Keterlambatan','Anda terlambat mengembalikan sepeda selama 304 menit. Denda: Rp304000','late',0,'2025-07-10 21:26:50'),
(487,16,99,'Denda Keterlambatan','Anda terlambat mengembalikan sepeda selama 305 menit. Denda: Rp305000','late',0,'2025-07-10 21:27:49'),
(488,16,99,'Denda Keterlambatan','Anda terlambat mengembalikan sepeda selama 306 menit. Denda: Rp306000','late',0,'2025-07-10 21:28:50'),
(489,16,99,'Denda Keterlambatan','Anda terlambat mengembalikan sepeda selama 307 menit. Denda: Rp307000','late',0,'2025-07-10 21:29:50'),
(490,16,99,'Denda Keterlambatan','Anda terlambat mengembalikan sepeda selama 308 menit. Denda: Rp308000','late',0,'2025-07-10 21:30:50'),
(491,16,99,'Denda Rental','Anda memiliki denda: \nKeterlambatan: Rp310000','late',0,'2025-07-10 21:31:28'),
(492,12,102,'Waktu Sewa Akan Habis','Sewa bike akan berakhir dalam 1 menit. Mohon segera kembalikan untuk menghindari denda.','warning',0,'2025-07-10 21:42:50'),
(493,12,102,'Denda Keterlambatan','Anda terlambat mengembalikan bike selama 0 menit. Denda: Rp0','late',0,'2025-07-10 21:44:50'),
(494,12,102,'Denda Keterlambatan','Anda terlambat mengembalikan bike selama 1 menit. Denda: Rp1000','late',0,'2025-07-10 21:45:50'),
(495,12,102,'Denda Keterlambatan','Anda terlambat mengembalikan bike selama 2 menit. Denda: Rp2000','late',0,'2025-07-10 21:46:50'),
(496,12,102,'Denda Keterlambatan','Anda terlambat mengembalikan bike selama 3 menit. Denda: Rp3000','late',0,'2025-07-10 21:47:50');

/*Table structure for table `products` */

DROP TABLE IF EXISTS `products`;

CREATE TABLE `products` (
  `id` int NOT NULL AUTO_INCREMENT,
  `category_id` int NOT NULL,
  `name` varchar(100) NOT NULL,
  `image` varchar(255) DEFAULT NULL,
  `description` text,
  `price` decimal(10,2) NOT NULL,
  `stock` int NOT NULL DEFAULT '0',
  `stock_available` int NOT NULL DEFAULT '0',
  `stock_rented` int NOT NULL DEFAULT '0',
  `stock_damaged` int NOT NULL DEFAULT '0',
  `stock_lost` int NOT NULL DEFAULT '0',
  `status` enum('tersedia','disewa','rusak','hilang') NOT NULL DEFAULT 'tersedia',
  `created_at` timestamp NULL DEFAULT CURRENT_TIMESTAMP,
  PRIMARY KEY (`id`),
  KEY `category_id` (`category_id`),
  CONSTRAINT `products_ibfk_1` FOREIGN KEY (`category_id`) REFERENCES `categories` (`id`)
) ENGINE=InnoDB AUTO_INCREMENT=18 DEFAULT CHARSET=utf8mb4 COLLATE=utf8mb4_0900_ai_ci;

/*Data for the table `products` */

insert  into `products`(`id`,`category_id`,`name`,`image`,`description`,`price`,`stock`,`stock_available`,`stock_rented`,`stock_damaged`,`stock_lost`,`status`,`created_at`) values 
(8,8,'bike','uploads/products/1747363751148-467040440.jpg','bagus',20000.00,36,35,1,0,0,'tersedia','2025-05-01 19:06:00'),
(17,8,'sepeda','uploads/products/1752025720378-602022416.jpg','sepeda gunung murah',10000.00,22,22,0,0,0,'tersedia','2025-05-08 22:18:24');

/*Table structure for table `rental_reports` */

DROP TABLE IF EXISTS `rental_reports`;

CREATE TABLE `rental_reports` (
  `id` int NOT NULL AUTO_INCREMENT,
  `rental_id` int NOT NULL,
  `report_type` enum('late','damage','lost') NOT NULL,
  `amount` decimal(10,2) NOT NULL,
  `description` text,
  `proof_image` varchar(255) DEFAULT NULL,
  `created_at` timestamp NULL DEFAULT CURRENT_TIMESTAMP,
  PRIMARY KEY (`id`),
  KEY `rental_id` (`rental_id`),
  CONSTRAINT `rental_reports_ibfk_1` FOREIGN KEY (`rental_id`) REFERENCES `rentals` (`id`)
) ENGINE=InnoDB AUTO_INCREMENT=3 DEFAULT CHARSET=utf8mb4 COLLATE=utf8mb4_0900_ai_ci;

/*Data for the table `rental_reports` */

insert  into `rental_reports`(`id`,`rental_id`,`report_type`,`amount`,`description`,`proof_image`,`created_at`) values 
(1,100,'late',143000.00,'Denda keterlambatan',NULL,'2025-07-10 19:20:26'),
(2,99,'late',310000.00,'Denda keterlambatan',NULL,'2025-07-10 21:31:28');

/*Table structure for table `rentals` */

DROP TABLE IF EXISTS `rentals`;

CREATE TABLE `rentals` (
  `id` int NOT NULL AUTO_INCREMENT,
  `product_id` int NOT NULL,
  `user_id` int NOT NULL,
  `customer_name` varchar(100) DEFAULT NULL,
  `rental_hours` int NOT NULL,
  `start_time` datetime NOT NULL,
  `end_time` datetime NOT NULL,
  `total_amount` decimal(10,2) NOT NULL,
  `penalty_amount` decimal(10,2) DEFAULT '0.00',
  `damage_penalty` decimal(10,2) DEFAULT '0.00',
  `lost_penalty` decimal(10,2) DEFAULT '0.00',
  `status` enum('playing','returned','damaged','lost') DEFAULT 'playing',
  `return_time` datetime DEFAULT NULL,
  `damage_notes` text,
  `damage_proof` varchar(255) DEFAULT NULL,
  `created_at` timestamp NULL DEFAULT CURRENT_TIMESTAMP,
  `payment_status` enum('pending','paid','cancelled') DEFAULT 'pending',
  `payment_token` varchar(255) DEFAULT NULL,
  `payment_url` varchar(255) DEFAULT NULL,
  `payment_method` varchar(50) DEFAULT NULL,
  `penalty_payment_status` enum('pending','paid','failed') DEFAULT NULL,
  `penalty_payment_token` varchar(255) DEFAULT NULL,
  `penalty_payment_url` varchar(255) DEFAULT NULL,
  PRIMARY KEY (`id`),
  KEY `product_id` (`product_id`),
  KEY `user_id` (`user_id`),
  CONSTRAINT `rentals_ibfk_1` FOREIGN KEY (`product_id`) REFERENCES `products` (`id`),
  CONSTRAINT `rentals_ibfk_2` FOREIGN KEY (`user_id`) REFERENCES `users` (`id`)
) ENGINE=InnoDB AUTO_INCREMENT=103 DEFAULT CHARSET=utf8mb4 COLLATE=utf8mb4_0900_ai_ci;

/*Data for the table `rentals` */

insert  into `rentals`(`id`,`product_id`,`user_id`,`customer_name`,`rental_hours`,`start_time`,`end_time`,`total_amount`,`penalty_amount`,`damage_penalty`,`lost_penalty`,`status`,`return_time`,`damage_notes`,`damage_proof`,`created_at`,`payment_status`,`payment_token`,`payment_url`,`payment_method`,`penalty_payment_status`,`penalty_payment_token`,`penalty_payment_url`) values 
(99,17,16,'frank',1,'2025-07-10 15:22:03','2025-07-10 16:22:03',10000.00,310000.00,0.00,0.00,'returned','2025-07-10 21:31:28',NULL,NULL,'2025-07-10 15:47:03','paid','ffd781b8-bf56-4181-8a01-b9922e3a34ad','https://app.sandbox.midtrans.com/snap/v4/redirection/ffd781b8-bf56-4181-8a01-b9922e3a34ad','gopay','paid','8541b699-5eb3-454c-a9a3-66eb9aff6472','https://app.sandbox.midtrans.com/snap/v4/redirection/8541b699-5eb3-454c-a9a3-66eb9aff6472'),
(100,17,12,'2',1,'2025-07-10 15:57:35','2025-07-10 16:57:35',10000.00,143000.00,0.00,0.00,'returned','2025-07-10 19:20:26',NULL,NULL,'2025-07-10 15:57:35','paid','ce52e17d-34aa-47f4-b94c-0afbb5a041a3','https://app.sandbox.midtrans.com/snap/v4/redirection/ce52e17d-34aa-47f4-b94c-0afbb5a041a3','gopay','paid','06edb24a-0104-447e-8d09-7bfe86d635fd','https://app.sandbox.midtrans.com/snap/v4/redirection/06edb24a-0104-447e-8d09-7bfe86d635fd'),
(101,8,12,'2',1,'2025-07-10 20:47:19','2025-07-10 21:47:19',20000.00,0.00,0.00,0.00,'returned','2025-07-10 20:48:52',NULL,NULL,'2025-07-10 20:47:19','paid','1703fcb4-9fa8-46ad-8afc-0cbc7fdac502','https://app.sandbox.midtrans.com/snap/v4/redirection/1703fcb4-9fa8-46ad-8afc-0cbc7fdac502','gopay',NULL,NULL,NULL),
(102,8,12,'2',1,'2025-07-10 20:44:01','2025-07-10 21:44:01',20000.00,3000.00,0.00,0.00,'playing',NULL,NULL,NULL,'2025-07-10 21:40:01','paid','62d26db6-7b13-427e-82b1-81a95f20c41f','https://app.sandbox.midtrans.com/snap/v4/redirection/62d26db6-7b13-427e-82b1-81a95f20c41f','gopay',NULL,NULL,NULL);

/*Table structure for table `users` */

DROP TABLE IF EXISTS `users`;

CREATE TABLE `users` (
  `id` int NOT NULL AUTO_INCREMENT,
  `username` varchar(50) NOT NULL,
  `password` varchar(255) NOT NULL,
  `level` enum('admin','user') NOT NULL DEFAULT 'user',
  `phone` varchar(15) DEFAULT NULL,
  `nik` varchar(16) DEFAULT NULL,
  `ktp_image` varchar(255) DEFAULT NULL,
  `address` text,
  `is_blacklisted` tinyint(1) DEFAULT '0',
  `blacklist_reason` text,
  `blacklist_date` datetime DEFAULT NULL,
  `created_at` timestamp NULL DEFAULT CURRENT_TIMESTAMP,
  PRIMARY KEY (`id`),
  UNIQUE KEY `username` (`username`)
) ENGINE=InnoDB AUTO_INCREMENT=19 DEFAULT CHARSET=utf8mb4 COLLATE=utf8mb4_0900_ai_ci;

/*Data for the table `users` */

insert  into `users`(`id`,`username`,`password`,`level`,`phone`,`nik`,`ktp_image`,`address`,`is_blacklisted`,`blacklist_reason`,`blacklist_date`,`created_at`) values 
(8,'1','1','admin',NULL,NULL,NULL,NULL,0,NULL,NULL,'2025-04-30 13:11:42'),
(12,'2','1','user','01810101','1231231231231231','uploads/ktp/1752064700592-618332378.jpg','wrasdas',0,NULL,NULL,'2025-04-30 15:00:31'),
(15,'shaa','1','user',NULL,NULL,NULL,NULL,1,'tidak aktif','2025-07-09 18:37:19','2025-05-02 11:13:36'),
(16,'frank','1','user','08883866931','1234567890123456','uploads/ktp/1752031654108-505827655.jpg','wasdd wasd',0,NULL,NULL,'2025-07-09 10:27:34'),
(17,'coba','1','user','22121312312','1222222222222222','uploads/ktp/1752124323915-765678572.jpg','wasd ',0,NULL,NULL,'2025-07-10 12:12:03'),
(18,'cobaa','1','user','1212','1234567890123456','uploads/ktp/1752126339846-583595427.jpg','wasd',0,NULL,NULL,'2025-07-10 12:45:39');

/*!40101 SET SQL_MODE=@OLD_SQL_MODE */;
/*!40014 SET FOREIGN_KEY_CHECKS=@OLD_FOREIGN_KEY_CHECKS */;
/*!40014 SET UNIQUE_CHECKS=@OLD_UNIQUE_CHECKS */;
/*!40111 SET SQL_NOTES=@OLD_SQL_NOTES */;
